<?xml version="1.0"?>
<!--
    This file is part of PySide project.
    Copyright (C) 2013 Digia Plc and/or its subsidiary(-ies).
    Contact: PySide team <contact@pyside.org>

    This library is free software; you can redistribute it and/or
    modify it under the terms of the GNU Lesser General Public
    License as published by the Free Software Foundation; either
    version 2.1 of the License, or (at your option) any later version.

    This library is distributed in the hope that it will be useful,
    but WITHOUT ANY WARRANTY; without even the implied warranty of
    MERCHANTABILITY or FITNESS FOR A PARTICULAR PURPOSE.  See the GNU
    Lesser General Public License for more details.

    You should have received a copy of the GNU Lesser General Public
    License along with this library; if not, write to the Free Software
    Foundation, Inc., 51 Franklin Street, Fifth Floor, Boston, MA  02110-1301  USA
-->
<typesystem package="PySide.QtSvg">
  <load-typesystem name="typesystem_gui.xml" generate="no"/>

  <object-type name="QSvgRenderer" />
  <object-type name="QSvgWidget" />

  <object-type name="QSvgGenerator">
    <modify-function signature="setOutputDevice(QIODevice*)">
      <modify-argument index="1">
          <reference-count action="set"/>
      </modify-argument>
    </modify-function>

    <modify-function signature="outputDevice() const">
      <modify-argument index="return">
          <define-ownership class="target" owner="default"/>
      </modify-argument>
    </modify-function>
  </object-type>

  <object-type name="QGraphicsSvgItem">
    <modify-function signature="QGraphicsSvgItem(QGraphicsItem*)">
      <modify-argument index="this">
          <parent index="1" action="add"/>
      </modify-argument>
    </modify-function>
    <modify-function signature="QGraphicsSvgItem(const QString&amp;, QGraphicsItem*)">
      <modify-argument index="this">
          <parent index="2" action="add"/>
      </modify-argument>
    </modify-function>
  </object-type>
</typesystem>
